Start Latitude,Start Longitude,End Latitude,End Longitude,Transect number,CTD #/flow File,Depth (m),Total bacteria/mL,Active bacteria/mL,Dead bacteria/mL,Protozoa/mL,Phytoplankton/mL,,,,,,integrated Phytoplankton/mL
-60.59971,78.53613,-60.5997,78.5493,12,CTD2 syto13.001,9.06,193155.3371,56856.03789,107058.7108,,,,,,,,
-60.59971,78.53613,-60.5997,78.5493,12,CTD2 syto13.002,20.802,196739.6629,54053.13839,105440.8919,,,,,,,,
-60.59971,78.53613,-60.5997,78.5493,12,CTD2 syto13.003,31.939,236470.6822,75094.34926,251814.6465,,,,,,,,
-60.59971,78.53613,-60.5997,78.5493,12,CTD2 syto13.004,40.235,236281.0353,65011.69687,173033.9394,,,,,,,,
-60.59971,78.53613,-60.5997,78.5493,12,CTD2 syto13.005,50.792,255862.541,66860.83196,184144.2818,,,,,,,,
-60.59971,78.53613,-60.5997,78.5493,12,CTD2 syto13.006,82.04,115415.9504,37157.88303,76707.46776,,,,,,,,
-60.59971,78.53613,-60.5997,78.5493,12,CTD2 syto13.007,100.953,122604.3572,79006.72982,105136.9755,,,,,,,,
-60.59971,78.53613,-60.5997,78.5493,12,CTD2 syto13.008,120.918,130496.4706,36126.2603,114017.9781,,,,,,,,
-60.59971,78.53613,-60.5997,78.5493,12,CTD2 syto13.009,150.222,138480.5984,30715.10708,99399.23208,,,,,,,,
-60.59971,78.53613,-60.5997,78.5493,12,CTD2 syto13.010,202.179,152205,25303.95387,88741.39091,,,,,,,,
-59.79757,75.60001,-59.79472,75.59626,12,CTD4 syto13.001,10.415,329501.0299,44846.39209,111433.3726,,,,,,,,
-59.79757,75.60001,-59.79472,75.59626,12,CTD4 syto13.002,30.343,357588.9686,36856,95619.06977,,,,,,,,
-59.79757,75.60001,-59.79472,75.59626,12,CTD4 syto13.003,49.754,358184.2746,39112.88984,109325.216,,,,,,,,
-59.79757,75.60001,-59.79472,75.59626,12,CTD4 syto13.004,72.003,379090.4934,40699.6496,112082.8378,,,,,,,,
-59.79757,75.60001,-59.79472,75.59626,12,CTD4 syto13.005,129.505,166179.6391,22867.16967,67394.43787,,,,,,,,
-60.32088,74.59236,-60.32045,74.58723,12,CTD6 syto13.001,8.152,158559.6571,49684.64348,98705.38745,,,,,,,,
-60.32088,74.59236,-60.32045,74.58723,12,CTD6 syto13.002,31.695,210344.2126,80112.06004,137126.3367,,,,,,,,
-60.32088,74.59236,-60.32045,74.58723,12,CTD6 syto13.003,60.008,124969.1512,60198.61671,63343.84717,,,,,,,,
-60.32088,74.59236,-60.32045,74.58723,12,CTD6 syto13.004,149.033,139137.1711,33475.83333,82593.95677,,,,,,,,
-60.67823,73.90276,-60.67603,73.90483,12,CTD8 syto13.001,11.847,140485.8962,49999.71014,94770.4947,,,,,,,,
-60.67823,73.90276,-60.67603,73.90483,12,CTD8 syto13.002,20.66,139175.5255,50240.72489,78861.30314,201.8113824,1463.556496,,,,,,
-60.67823,73.90276,-60.67603,73.90483,12,CTD8 syto13.003,76.443,221121.4505,84367.34302,111688.9555,,,,,,,,
-60.67823,73.90276,-60.67603,73.90483,12,CTD8 syto13.004,181.296,135280.0074,23663.42291,69244.87342,,,,,,,,1463.556496
-61.31387,70.34329,-61.30042,70.35954,12,CTD10 syto13.001,10.699,130999.0244,72879.46735,55291.87192,235.9760327,2985.319433,,,,,,
-61.31387,70.34329,-61.30042,70.35954,12,CTD10 syto13.002,39.133,222929.8263,36509.68085,68534.93841,188.0917388,2503.971273,,,,,,
-61.31387,70.34329,-61.30042,70.35954,12,CTD10 syto13.003,60.576,126901.1426,12778.63475,55429.75194,11.56381502,745.3404409,,,,,,
-61.31387,70.34329,-61.30042,70.35954,12,CTD10 syto13.004,118.015,162643.7897,18789.00314,89736.01227,18.50519596,155.972366,,,,,,6390.603513
-61.54343,65.22867,-61.54261,65.25152,12,CTD12 syto13.001,8.054,158487.7147,60134.98906,84433.16418,,,,,,,,
-61.54343,65.22867,-61.54261,65.25152,12,CTD12 syto13.002,40.84,191071.879,53721.01363,89656.87584,187.1099876,1829.34806,,,,,,
-61.54343,65.22867,-61.54261,65.25152,12,CTD12 syto13.003,70.42,235304.0996,44319.69651,105809.1586,,,,,,,,
-61.54343,65.22867,-61.54261,65.25152,12,CTD12 syto13.004,90.732,217077.9038,31026.70284,108157.4177,,,,,,,,1829.34806
-61.76992,60.11685,-61.7614,60.12945,12,CTD14 syto13.001,9.934,200163.8719,28925.1372,53540.60526,,,,,,,,
-61.76992,60.11685,-61.7614,60.12945,12,CTD14 syto13.002,28.868,186080.0316,67172.50779,53053.72593,,,,,,,,
-61.76992,60.11685,-61.7614,60.12945,12,CTD14 syto13.003,50.376,296028.3641,60577.06202,90095.58906,,,,,,,,
-61.76992,60.11685,-61.7614,60.12945,12,CTD14 syto13.004,102.048,308532.6136,64456.08911,90218.92544,35.12113578,1364.178853,,,,,,1364.178853
-62.00098,55.0041,-62.00261,55.0234,12,CTD16 syto13.001,9.999,413068.8224,256435.4225,61919.97167,101.731826,2295.902347,,,,,,
-62.00098,55.0041,-62.00261,55.0234,12,CTD16 syto13.002,29.819,274026.5172,14207.91139,219066.6561,74.32581455,1631.710906,,,,,,
-62.00098,55.0041,-62.00261,55.0234,12,CTD16 syto13.003,50.68,446885,126284.1731,151991.5357,172.4572502,2759.316003,,,,,,
-62.00098,55.0041,-62.00261,55.0234,12,CTD16 syto13.004,70.597,629048.1579,58840.14526,186932.7154,183.7953608,2224.89121,,,,,,8911.820465
-61.99983,49.9945,-62.01185,49.99603,12,CTD18 syto13.001,6.68,361880.0515,52212.58904,141692.0471,309.7832985,3685.742894,,,,,,
-61.99983,49.9945,-62.01185,49.99603,12,CTD18 syto13.002,50.84,386385.9128,31705,74095.05549,181.6180057,3083.799608,,,,,,
-61.99983,49.9945,-62.01185,49.99603,12,CTD18 syto13.003,72.45,270624.336,40114.58886,91527.45779,115.3010127,2563.875247,,,,,,
-61.99983,49.9945,-62.01185,49.99603,12,CTD18 syto13.004,98.34,148845.0507,30450.38188,109990.6312,13.93525277,904.397905,,,,,,10237.81565
-61.99966,45.00095,-62.0083,45.00739,12,CTD20 syto13.001,11.53,125957.4797,32226.81905,70675.18182,144.0090813,1996.399867,,,,,,
-61.99966,45.00095,-62.0083,45.00739,12,CTD20 syto13.002,50.63,130642.8009,46702.00205,75028.8303,622.2626335,10495.49642,,,,,,
-61.99966,45.00095,-62.0083,45.00739,12,CTD20 syto13.003,79.07,111269.8366,25765.78846,68351.83056,79.36103152,2325.518711,,,,,,
-61.99966,45.00095,-62.0083,45.00739,12,CTD20 syto13.004,111.37,87067.66554,22169.7191,42857.74008,26.5424479,278.695703,,,,,,15096.1107
-62.00013,39.99926,-61.99473,40.00518,12,CTD22 syto13.001,10.599,204239.8378,27037.78066,128873.3967,26.5424479,278.695703,,,,,,
-62.00013,39.99926,-61.99473,40.00518,12,CTD22 syto13.002,18.69,182434.7638,27581.12013,120075.793,,,,,,,,
-62.00013,39.99926,-61.99473,40.00518,12,CTD22 syto13.003,55.09,197035.8656,40813.06236,95552.71852,134.1143122,1790.941892,,,,,,
-62.00013,39.99926,-61.99473,40.00518,12,CTD22 syto13.004,70.129,177821.7172,24645.50413,106965.8981,,,,,,,,2069.637595
-62.0003,34.99843,-62.00673,34.98738,12,CTD24 syto13.001,11.117,176224.0069,53777.00397,77171.76398,126.8018098,951.0135732,,,,,,
-62.0003,34.99843,-62.00673,34.98738,12,CTD24 syto13.002,61.56,342044.25,56695.70345,121494.1134,86.67774544,1480.846552,,,,,,
-62.0003,34.99843,-62.00673,34.98738,12,CTD24 syto13.003,70.274,297514.3416,45533.87909,214536.7245,55.5063121,1607.160037,,,,,,
-62.0003,34.99843,-62.00673,34.98738,12,CTD24 syto13.004,125.186,160951.9691,20742.34079,64795.29049,22.74703476,285.6016586,,,,,,4324.621821
-62.00009,30.00073,-62.00498,30.01684,12,CTD26 syto13.001,9.361,188021.7442,25490.50471,93737.88028,,,,,,,,
-62.00009,30.00073,-62.00498,30.01684,12,CTD26 syto13.002,51.34,290660.1814,32075.53704,143758.5885,,,,,,,,
-62.00009,30.00073,-62.00498,30.01684,12,CTD26 syto13.003,71.146,214688.5502,26110.11662,82182.06777,48.36149317,949.4124711,,,,,,
-62.00009,30.00073,-62.00498,30.01684,12,CTD26 syto13.004,108.056,229055.5996,23234.77993,74792.36682,,,,,,,,949.4124711
-63.33179,30.01036,-63.33164,30.04304,1,CTD28 syto13.001,8.322,280468.9845,106914.1667,270722.5481,238.4148021,2372.70411,,,,,,
-63.33179,30.01036,-63.33164,30.04304,1,CTD28 syto13.002,40.782,339962.0247,83991.52222,180391.42,238.0333384,5502.041437,,,,,,
-63.33179,30.01036,-63.33164,30.04304,1,CTD28 syto13.003,69.592,#VALUE!,43143.3563,57060.36412,71.66701427,1782.119755,,,,,,
-63.33179,30.01036,-63.33164,30.04304,1,CTD28 syto13.004,109.06,181909.3612,27666.44128,104404.0166,68.29052365,715.0419535,,,,,,10371.90726
-64.66625,30.00359,-64.66748,29.99942,1,CTD30 syto13.001,10.22,175431.8297,35987.68373,61350.59311,132.3068639,1840.79115,,,,,,
-64.66625,30.00359,-64.66748,29.99942,1,CTD30 syto13.002,39.96,196846.0239,35002.62871,80315.44944,159.7908985,2929.499805,,,,,,
-64.66625,30.00359,-64.66748,29.99942,1,CTD30 syto13.003,59.57,294041.0484,51675.85625,120000.7413,73.52341954,1761.621132,,,,,,
-64.66625,30.00359,-64.66748,29.99942,1,CTD30 syto13.004,79.75,238583.8737,#DIV/0!,144379.3,37.22648997,1001.196651,,,,,,7533.108739
-65.99964,29.99997,-65.99322,29.98963,1,CTD32 syto13.001,10.23,209086.0967,49174.10526,111748.5357,,,,,,,,
-65.99964,29.99997,-65.99322,29.98963,1,CTD32 syto13.002,25.497,236310.3835,53545.78125,91127.25,,,,,,,,
-65.99964,29.99997,-65.99322,29.98963,1,CTD32 syto13.003,76.542,357662.2227,73464.05598,170678.3718,12.79878556,840.0657429,,,,,,
-65.99964,29.99997,-65.99322,29.98963,1,CTD32 syto13.004,100.962,173557.4692,37024.01348,101566.5285,,,,,,,,840.0657429
-66.99975,29.99904,-66.99792,29.98542,1,CTD34 syto13.001,10.403,96944.20513,38479.23913,30477.45704,231.3057062,1885.644344,,,,,,
-66.99975,29.99904,-66.99792,29.98542,1,CTD34 syto13.002,19.823,190595.7361,17890.81267,46133.42267,169.6439566,2176.454852,,,,,,
-66.99975,29.99904,-66.99792,29.98542,1,CTD34 syto13.003,70.504,192124.5838,34257.52889,67989.63556,10.033382,117.0561233,,,,,,
-66.99975,29.99904,-66.99792,29.98542,1,CTD34 syto13.004,110.815,76849.5,8626.487002,40821.93307,17.88704087,237.8976436,,,,,,4417.052963
-67.99727,30.01426,-67.99882,30.00953,1,CTD36 syto13.001,9.298,156918.0738,29670.50467,54016.67995,,,,,,,,
-67.99727,30.01426,-67.99882,30.00953,1,CTD36 syto13.002,17.501,133082.0447,34508.00234,62780.36318,,,,,,,,
-67.99727,30.01426,-67.99882,30.00953,1,CTD36 syto13.003,35.76,248069.6916,53520.93925,112420.5187,,,,,,,,
-67.99727,30.01426,-67.99882,30.00953,1,CTD36 syto13.004,50.237,255252.2019,38177.31088,111951.7362,,,,,,,,0
-68.69524,30.0044,-68.68751,30.01326,1,CTD38 syto13.001,9.985,175194.9307,25438.30137,77215.43027,,,,,,,,
-68.69524,30.0044,-68.68751,30.01326,1,CTD38 syto13.002,30.341,144202.2495,27739.65495,87510.45918,,,,,,,,
-68.69524,30.0044,-68.68751,30.01326,1,CTD38 syto13.003,50.188,155797.5152,23707.51004,87227.2103,,,,,,,,
-68.69524,30.0044,-68.68751,30.01326,1,CTD38 syto13.004,99.889,133382.694,21474.07534,70986,,,,,,,,0
-68.9223,29.99776,-68.92784,29.99578,1,CTD40 syto13.001,8.851,199207.3043,30465.47505,108517.1594,329.0295879,6661.924914,,,,,,
-68.9223,29.99776,-68.92784,29.99578,1,CTD40 syto13.002,34.927,130346.2544,26796.70404,57260.83908,281.7365841,5235.254437,,,,,,
-68.9223,29.99776,-68.92784,29.99578,1,CTD40 syto13.003,50.464,205766.1229,39885.95909,102624.829,84.21412217,2626.18501,,,,,,
-68.9223,29.99776,-68.92784,29.99578,1,CTD40 syto13.004,69.879,355356.9597,126641.5868,165611.1,60.69122199,1843.166024,,,,,,16366.53038
-63.33153,39.99561,-63.32081,39.99274,3,CTD46 syto13.001,9.811,233194.383,64144.7651,44685.2862,67.71408029,906.0788839,,,,,,
-63.33153,39.99561,-63.32081,39.99274,3,CTD46 syto13.002,60.371,393441.5352,111191.739,124732.8318,133.6304416,2159.298248,,,,,,
-63.33153,39.99561,-63.32081,39.99274,3,CTD46 syto13.003,81.449,284392.7431,31677.10599,191266.2907,83.75403627,1233.839949,,,,,,
-63.33153,39.99561,-63.32081,39.99274,3,CTD46 syto13.004,120.158,254060.528,22371.26711,87797.18584,38.77279154,266.1223419,,,,,,4565.339422
-64.66563,40.00376,-64.66512,40.00994,3,CTD48 syto13.001,9.503,319904.8101,43342.85714,67404.91228,80.72596326,2945.002734,,,,,,
-64.66563,40.00376,-64.66512,40.00994,3,CTD48 syto13.002,59.821,359803.6564,62986.68063,194769.2692,107.0939,2310.168415,,,,,,
-64.66563,40.00376,-64.66512,40.00994,3,CTD48 syto13.003,69.684,268858.1312,50172.68421,143218.5412,63.9840674,1364.993438,,,,,,
-64.66563,40.00376,-64.66512,40.00994,3,CTD48 syto13.004,89.603,253993.4104,48124.4558,113098.6151,75.56989944,957.2187262,,,,,,7577.383313
-66.00077,40.0042,-66.00065,39.99583,3,CTD50 syto13.001,11.217,257097.0997,95773.51049,71656.2,105.2281527,1688.661307,,,,,,
-66.00077,40.0042,-66.00065,39.99583,3,CTD50 syto13.002,39.887,449631.6983,189970.2485,126447.3895,117.7271628,1958.656816,,,,,,
-66.00077,40.0042,-66.00065,39.99583,3,CTD50 syto13.003,69.143,397789.989,123570.6185,116879.1993,82.01767211,796.5825962,,,,,,
-66.00077,40.0042,-66.00065,39.99583,3,CTD50 syto13.004,90.482,271833.623,70357.62722,85718.71743,41.96842664,979.2632883,,,,,,5423.164007
-67.00127,39.99693,-67.00088,39.96257,3,CTD52 syto13.001,10.106,229201.9945,25508.51744,49262.73684,36.80223449,3159.330284,,,,,,
-67.00127,39.99693,-67.00088,39.96257,3,CTD52 syto13.002,30.606,324220.2373,57209.71259,110337.3951,57.95401243,4161.956671,,,,,,
-67.00127,39.99693,-67.00088,39.96257,3,CTD52 syto13.003,100.576,246562.7757,65664.01152,139685.6092,119.8431739,5729.523652,,,,,,
-67.00127,39.99693,-67.00088,39.96257,3,CTD52 syto13.004,150.34,127204.859,14132.96406,43495.69149,42.61090626,583.2367794,,,,,,13634.04739
-67.94182,39.99569,-67.94176,39.99483,3,CTD54 syto13.001,10.092,247746.8792,97571.07018,83425.76623,144.0971495,5301.633739,,,,,,
-67.94182,39.99569,-67.94176,39.99483,3,CTD54 syto13.002,29.749,252508.8539,100471.2408,139661.5928,129.5978508,5238.261518,,,,,,
-67.94182,39.99569,-67.94176,39.99483,3,CTD54 syto13.003,55.099,397159.6581,94951.33557,171585.5058,61.88622912,1535.367875,,,,,,
-67.94182,39.99569,-67.94176,39.99483,3,CTD54 syto13.004,71.134,362164.3812,80740.6068,162125.1351,55.73047404,1506.082079,,,,,,13581.34521
-68.13105,40.00213,-68.13659,40.00068,3,CTD56 syto13.001,9.934,206641.1321,31682.18182,113500.7586,216.8590765,5728.014554,,,,,,
-68.13105,40.00213,-68.13659,40.00068,3,CTD56 syto13.002,30.188,167063.4908,65112.44602,149672.5037,214.6830956,7726.004899,,,,,,
-68.13105,40.00213,-68.13659,40.00068,3,CTD56 syto13.003,40.586,172003.4105,47523.44987,143406.4482,208.3637,4671.840999,,,,,,
-68.13105,40.00213,-68.13659,40.00068,3,CTD56 syto13.004,50.666,190583.5752,73394.03333,123667.3563,110.9292188,2450.347208,,,,,,20576.20766
-68.19706,40.00657,-68.19465,40.00556,3,CTD58 syto13.001,4.89,114215.8547,36140.05556,90036.41221,184.5526842,5964.882038,,,,,,
-68.19706,40.00657,-68.19465,40.00556,3,CTD58 syto13.002,30.177,100630.2302,66652.8522,87381.37613,214.2891188,5488.976095,,,,,,
-68.19706,40.00657,-68.19465,40.00556,3,CTD58 syto13.003,50.181,198026.1851,44488.37228,113216.2, , ,,,,,,
-68.19706,40.00657,-68.19465,40.00556,3,CTD58 syto13.004,100.355,61576.32829,11848.74159,31586.36947,107.5964262,2264.773556,,,,,,13718.63169
-63.33499,50.00051,-63.33097,49.99018,5,CTD61 syto13.001,9.377,252012.9098,62072.94872,120626.8421,113.2764246,1434.834712,,,,,,
-63.33499,50.00051,-63.33097,49.99018,5,CTD61 syto13.002,44.562,223824.507,58763.83333,98683.98693,146.9381523,1414.670509,,,,,,
-63.33499,50.00051,-63.33097,49.99018,5,CTD61 syto13.003,58.221,348487.9435,78185.96154,176726.8548,179.7647608,1244.284779,,,,,,
-63.33499,50.00051,-63.33097,49.99018,5,CTD61 syto13.004,79.801,320815.9322,51991.59483,154056.84,155.3828737,1233.144934,,,,,,5326.934933
-64.51082,49.99327,-64.51108,49.97606,5,CTD63 syto13.001,10.339,467254.6053,62186.31034,208329.9569,103.593252,2116.552325,,,,,,
-64.51082,49.99327,-64.51108,49.97606,5,CTD63 syto13.002,50.888,434219.1304,75718.83721,188205.9375,118.9684062,1733.789566,,,,,,
-64.51082,49.99327,-64.51108,49.97606,5,CTD63 syto13.003,69.284,438898.0769,67231.91176,176444.8636,80.40111664,1460.873119,,,,,,
-64.51082,49.99327,-64.51108,49.97606,5,CTD63 syto13.004,99.51,253280.0455,38126.2,135475.1145,37.94030127,652.2118457,,,,,,5963.426856
-65.37988,49.99791,-65.37974,49.98321,5,CTD65 syto13.001,9.845,437762.2034,140972.1809,141607.9237,266.9560519,3496.263132,,,,,,
-65.37988,49.99791,-65.37974,49.98321,5,CTD65 syto13.002,30.843,595782.4713,70399.80769,63589.31734,282.3835109,4963.545217,,,,,,
-65.37988,49.99791,-65.37974,49.98321,5,CTD65 syto13.003,60.086,606067.2772,44975.14344,133174.2117,324.1659621,3415.530455,,,,,,
-65.37988,49.99791,-65.37974,49.98321,5,CTD65 syto13.004,100.665,130834.1848,4334.005525,19828.24645,15.50531629,228.7034153,,,,,,12104.04222
-65.86251,49.9847,-65.87168,49.97453,5,CTD67 syto13.001,9.402,86512.82051,10294.94197,42462.94177,149.6753802,2326.912097,,,,,,
-65.86251,49.9847,-65.87168,49.97453,5,CTD67 syto13.002,50.919,104430.6194,11286.69039,40532.48479,149.7161058,2492.456859,,,,,,
-65.86251,49.9847,-65.87168,49.97453,5,CTD67 syto13.003,71.663,128646.2772,22111.6348,64119.05222,228.8896654,3241.164035,,,,,,
-65.86251,49.9847,-65.87168,49.97453,5,CTD67 syto13.004,89.394,106202.3316,7662.884283,37845.83503,62.44929655,647.6884185,,,,,,8708.22141
-66.02712,49.99792,-66.02888,49.98886,5,CTD69 syto13.001,10.909,91282.40891,21616.69202,45566.54246,175.1076426,2524.15804,,,,,,
-66.02712,49.99792,-66.02888,49.98886,5,CTD69 syto13.002,50.997,124161.051,22813.91589,65081.65377,310.308218,1448.81837,,,,,,
-66.02712,49.99792,-66.02888,49.98886,5,CTD69 syto13.003,61.622,120097.4948,16029.39863,60443.47295,167.0541211,1309.195884,,,,,,
-66.02712,49.99792,-66.02888,49.98886,5,CTD69 syto13.004,119.897,64681.75418,5848.486328,31339.39571,51.10958885,422.9759077,,,,,,5705.148201
-66.33919,50.15557,-66.33867,50.15374,5,CTD71 syto13.001,10.473,119741.6084,26199.84348,104951.6778,58.2037674,1171.350819,,,,,,
-66.33919,50.15557,-66.33867,50.15374,5,CTD71 syto13.002,51.014,131747.4203,21410.71028,94605.11272,73.30213546,1336.891328,,,,,,
-66.33919,50.15557,-66.33867,50.15374,5,CTD71 syto13.003,80.27,127110.9781,16471.84441,87924.63149,91.680028,1263.746268,,,,,,
-66.33919,50.15557,-66.33867,50.15374,5,CTD71 syto13.004,144.336,106277.8585,10629.23986,83249.78261,58.10578126,624.6371486,,,,,,4396.625564
-62.99916,60.00489,-63.00334,60.01552,7,CTD73 syto13.001,10.114,39936.41189,3790.575153,12863.7976,,,,,,,,
-62.99916,60.00489,-63.00334,60.01552,7,CTD73 syto13.002,60.146,46840.81693,8677.89267,17171.81733,,,,,,,,
-62.99916,60.00489,-63.00334,60.01552,7,CTD73 syto13.003,70.215,67016.53846,6602.161215,22785.87669,,,,,,,,
-62.99916,60.00489,-63.00334,60.01552,7,CTD73 syto13.004,101.422,63749.94975,3245.531062,24418.02062,86.72068862,4079.485727,,,,,,4079.485727
-64.33332,59.99913,-64.34364,60.00067,7,CTD75 syto13.001,10.444,75347.94118,19759.76852,25950.16997,94.24560274,3277.652629,,,,,,
-64.33332,59.99913,-64.34364,60.00067,7,CTD75 syto13.002,49.926,98910.97765,18659.24242,35427,51.36136022,815.3615935,,,,,,
-64.33332,59.99913,-64.34364,60.00067,7,CTD75 syto13.003,66.4,63700.38251,23022.58824,25781.89046,95.42015738,2163.992855,,,,,,
-64.33332,59.99913,-64.34364,60.00067,7,CTD75 syto13.004,90.234,61448.975,14999.20233,25243.43066,,,,,,,,6257.007077
-65.49921,59.99739,-65.50094,59.99617,7,CTD77 syto13.001,11.708,67158.94464,8515.079114,27220.91445,228.3498313,5553.273556,,,,,,
-65.49921,59.99739,-65.50094,59.99617,7,CTD77 syto13.002,51.389,61292.57053,8833.112094,23587.23404,130.2446569,3147.579208,,,,,,
-65.49921,59.99739,-65.50094,59.99617,7,CTD77 syto13.003,71.169,75852.28625,7091.847134,29264.83923, , ,,,,,,
-65.49921,59.99739,-65.50094,59.99617,7,CTD77 syto13.004,112.327,41554.77941,7084.380665,22531.07383,89.88238039,1378.196499,,,,,,10079.04926
-66.31508,59.99869,-66.31366,59.99972,7,CTD79 syto13.001,10.321,71516.38037,21741.5508,30724.37824,246.6539741,7834.399109,,,,,,
-66.31508,59.99869,-66.31366,59.99972,7,CTD79 syto13.002,39.678,94707.39535,29466.26667,40918.7234,159.4905396,3389.849775,,,,,,
-66.31508,59.99869,-66.31366,59.99972,7,CTD79 syto13.003,59.493,145562.6536,43180.49669,53463.63184,267.0790732,2727.288228,,,,,,
-66.31508,59.99869,-66.31366,59.99972,7,CTD79 syto13.004,80.228,97045.53571,29476.15385,41460.92593,151.3808512,2732.424364,,,,,,16683.96148
-66.5567,59.98846,-66.55705,59.96785,7,CTD81 syto13.001,10.01,73205.74503,36717.05882,61623.38428,134.2243547,4985.476032,,,,,,
-66.5567,59.98846,-66.55705,59.96785,7,CTD81 syto13.002,40.257,153109.4663,29290.34404,55877.70751,446.9826484,8628.708518,,,,,,
-66.5567,59.98846,-66.55705,59.96785,7,CTD81 syto13.003,71.225,96343.51563,25706.66667,53449.92462,96.21212549,2440.74971,,,,,,
-66.5567,59.98846,-66.55705,59.96785,7,CTD81 syto13.004,119.769,75129.55466,20625.96226,47690.19231,35.07605088,1011.359467,,,,,,17066.29373
-66.6825,59.994,-66.68059,59.97529,7,CTD83 syto13.001,3.36,69823.05556,4871.939655,42411.49533,242.739677,2354.116867,,,,,,
-66.6825,59.994,-66.68059,59.97529,7,CTD83 syto13.002,15.293,61324.72973,3295.534884,39592.85714,194.1018276,2849.767741,,,,,,
-66.6825,59.994,-66.68059,59.97529,7,CTD83 syto13.003,46.418,42487.40741,2697.48731,21731.55172,191.4885495,1406.85465,,,,,,
-66.6825,59.994,-66.68059,59.97529,7,CTD83 syto13.004,119.286,37323.49673,1657.532751,18510.13889,78.70297984,422.1341646,,,,,,7032.873423
-66.93228,59.93969,-66.933,59.93922,7,CTD85 syto13.001,10.408,61856.66667,4837.132701,42759.60396,193.788962,1769.599205,,,,,,
-66.93228,59.93969,-66.933,59.93922,7,CTD85 syto13.002,20.217,56057.60417,4759.197248,44272.09945,196.7574496,2550.692029,,,,,,
-66.93228,59.93969,-66.933,59.93922,7,CTD85 syto13.003,39.079,53407.32143,3690.3125,31673.425,173.83845,2090.012274,,,,,,
-66.93228,59.93969,-66.933,59.93922,7,CTD85 syto13.004,89.767,42849.8,1665.735294,21599.45087,71.59462334,473.147076,,,,,,6883.450584
-62.66695,69.99994,-62.66728,69.99579,9,CTD87 syto13.001,8.366,61408.94904,25807.74834,53773.125,284.7473811,2096.77617,,,,,,
-62.66695,69.99994,-62.66728,69.99579,9,CTD87 syto13.002,38.04,76639.88281,14869.39103,47923.69427,236.4029731,2056.21336,,,,,,
-62.66695,69.99994,-62.66728,69.99579,9,CTD87 syto13.003,50.746,68866.57534,10888.81818,46895.10363,227.9943307,2011.026917,,,,,,
-62.66695,69.99994,-62.66728,69.99579,9,CTD87 syto13.004,114.447,51312.91667,6326.25,34349.75904,108.7875305,368.816262,,,,,,6532.832709
-63.99677,70.00066,-63.98896,70.00075,9,CTD89 syto13.001,11.493,48705.32258,12953.75,34218.58156,229.536763,2290.683206,,,,,,
-63.99677,70.00066,-63.98896,70.00075,9,CTD89 syto13.002,49.922,70185.56604,20454.875,38788.68613,145.6714441,2119.98442,,,,,,
-63.99677,70.00066,-63.98896,70.00075,9,CTD89 syto13.003,60.339,54623.42742,20042.13675,45869.66942,95.70210286,1520.887473,,,,,,
-63.99677,70.00066,-63.98896,70.00075,9,CTD89 syto13.004,69.364,73160.71429,15655.87121,44640.61538,99.67155053,1249.45408,,,,,,7181.009178
-64.99803,69.99681,-64.99265,69.97908,9,CTD91 syto13.001,9.883,28109.24802,17719.16107,33280.50584,277.5315605,5777.702487,,,,,,
-64.99803,69.99681,-64.99265,69.97908,9,CTD91 syto13.002,51.076,44191.44781,18582.36842,25621.00865,203.988381,3824.782144,,,,,,
-64.99803,69.99681,-64.99265,69.97908,9,CTD91 syto13.003,70.086,41754.4868,20566.23596,33094.25837,147.4992909,1873.240994,,,,,,
-64.99803,69.99681,-64.99265,69.97908,9,CTD91 syto13.004,119.403,30405.23256,6240.528455,16294.88636,68.1866334,762.4505371,,,,,,12238.17616
-66.0005,69.9981,-66.00081,70.00237,9,CTD93 syto13.001,8.485,101565.6422,32765.30928,65927.7,35.24799231,1278.998578,,,,,,
-66.0005,69.9981,-66.00081,70.00237,9,CTD93 syto13.002,50.756,134106.3402,32314.52991,60898.30247,51.98017179,1380.36234,,,,,,
-66.0005,69.9981,-66.00081,70.00237,9,CTD93 syto13.003,60.137,128532.8788,38561.04396,72470.88028,40.47236641,747.3896996,,,,,,
-66.0005,69.9981,-66.00081,70.00237,9,CTD93 syto13.004,100.339,52391.76768,13162.32456,36519.09091,9.425867607,160.2397493,,,,,,3566.990367
-66.50636,70.00024,-66.50348,69.99085,9,CTD95 syto13.001,9.946,64916.1236,43740.6383,13565.37037,64.54749041,2079.720141,,,,,,
-66.50636,70.00024,-66.50348,69.99085,9,CTD95 syto13.002,69.437,42112.87129,21623.67925,33569.60317,25.4212793,682.7429298,,,,,,
-66.50636,70.00024,-66.50348,69.99085,9,CTD95 syto13.003,89.331,38635.05,16628.51852,30116.66667,17.32672393,768.8733744,,,,,,
-66.50636,70.00024,-66.50348,69.99085,9,CTD95 syto13.004,130.11,44006.5942,13165.28571,23630,10.69232778,360.8660625,,,,,,3892.202508
-66.81976,70.0049,-66.82312,69.99149,9,CTD97 syto13.001,9.167,93535.41667,12490.14286,76286.97531,45.37083829,1901.450586,,,,,,
-66.81976,70.0049,-66.82312,69.99149,9,CTD97 syto13.002,49.543,180474.125,17411.57895,99156.26582,53.61405146,1515.385396,,,,,,
-66.81976,70.0049,-66.82312,69.99149,9,CTD97 syto13.003,59.698,127565.0781,21545,75986.66667,49.79633263,1011.861479,,,,,,
-66.81976,70.0049,-66.82312,69.99149,9,CTD97 syto13.004,121.038,57257.30769,6582.642857,31136,13.48235706,104.8627771,,,,,,4533.560238
-67.18227,70.00215,-67.1769,70.00433,9,CTD99 syto13.001,9.646,179104.6591,55866.61638,59529.42308,,,,,,,,
-67.18227,70.00215,-67.1769,70.00433,9,CTD99 syto13.002,19.912,175912.2222,28772.27979,73134.85,,,,,,,,
-67.18227,70.00215,-67.1769,70.00433,9,CTD99 syto13.003,40.446,148567.3404, ,59618.21839,,,,,,,,
-67.18227,70.00215,-67.1769,70.00433,9,CTD99 syto13.004,50.358,62834.31818, ,70713.65672,,,,,,,, 
-67.33365,71.75568,-67.31986,71.97659,9,CTD101 syto13.001,?,,,,,,,,,,,
-67.33365,71.75568,-67.31986,71.97659,9,CTD101 syto13.002,?,,,,,,,,,,,
-67.33365,71.75568,-67.31986,71.97659,9,CTD101 syto13.003,?,,,,,,,,,,,
-67.33365,71.75568,-67.31986,71.97659,9,CTD101 syto13.004,?,,,,,,,,,,,
-60.99965,80.00412,-60.99011,80.00052,11,CTD103 syto13.001,10.806,213674.4186,,,,,,,,,,
-60.99965,80.00412,-60.99011,80.00052,11,CTD103 syto13.002,41.467,271810.8108,,,,,,,,,,
-60.99965,80.00412,-60.99011,80.00052,11,CTD103 syto13.003,48.812,310000,,,,,,,,,,
-60.99965,80.00412,-60.99011,80.00052,11,CTD103 syto13.004,70.339,349931.0345,,,,,,,,,,
-61.66285,80.00218,-61.66233,79.99634,11,CTD104 syto13.001,9.777,361171.4286,,,,,,,,,,
-61.66285,80.00218,-61.66233,79.99634,11,CTD104 syto13.002,30.885,375531.25,,,,,,,,,,
-61.66285,80.00218,-61.66233,79.99634,11,CTD104 syto13.003,49.929,353333.3333,,,,,,,,,,
-61.66285,80.00218,-61.66233,79.99634,11,CTD104 syto13.004,69.404,349030.303
-62.33349,79.99859,-62.33565,79.98552,11,CTD105 syto13.001,8.632,177950
-62.33349,79.99859,-62.33565,79.98552,11,CTD105 syto13.002,49.328,218168.6047
-62.33349,79.99859,-62.33565,79.98552,11,CTD105 syto13.003,70.261,207978.1421
-62.33349,79.99859,-62.33565,79.98552,11,CTD105 syto13.004,100.236,207126.4368
-63.00105,79.99931,-63.00272,80.01038,11,CTD106 syto13.001,10.004,138139.5349
-63.00105,79.99931,-63.00272,80.01038,11,CTD106 syto13.002,44.295,211531.5315
-63.00105,79.99931,-63.00272,80.01038,11,CTD106 syto13.003,59.278,279345.5497
-63.00105,79.99931,-63.00272,80.01038,11,CTD106 syto13.004,69.697,200076.1421
-63.49958,79.99599,-63.50187,80.00244,11,CTD107 syto13.001,10.791,155097.6139
-63.49958,79.99599,-63.50187,80.00244,11,CTD107 syto13.002,39.339,234803.3708
-63.49958,79.99599,-63.50187,80.00244,11,CTD107 syto13.003,69.941,298163.8418
-63.49958,79.99599,-63.50187,80.00244,11,CTD107 syto13.004,119.567,244266.6667
-64.00073,79.99406,-64.00353,80.01234,11,CTD108 syto13.001,10.588,270143.8849
-64.00073,79.99406,-64.00353,80.01234,11,CTD108 syto13.002,40.027,313463.5417
-64.00073,79.99406,-64.00353,80.01234,11,CTD108 syto13.003,60.939,335394.7368
-64.00073,79.99406,-64.00353,80.01234,11,CTD108 syto13.004,98.912,211511.335
-64.50044,79.99835,-64.49858,79.99633,11,CTD109 syto13.001,7.992,227454.1284
-64.50044,79.99835,-64.49858,79.99633,11,CTD109 syto13.002,35.785,212552.0833
-64.50044,79.99835,-64.49858,79.99633,11,CTD109 syto13.003,58.511,385157.8947
-64.50044,79.99835,-64.49858,79.99633,11,CTD109 syto13.004,89.935,381304.3478
-65.00071,79.99941,-65.00593,79.9863,11,CTD110 syto13.001,11.079,206326.5306
-65.00071,79.99941,-65.00593,79.9863,11,CTD110 syto13.002,40.034,208891.5094
-65.00071,79.99941,-65.00593,79.9863,11,CTD110 syto13.003,54.793,285550.1222
-65.00071,79.99941,-65.00593,79.9863,11,CTD110 syto13.004,81.184,358871.3911
-65.50431,80.00205,-65.51774,79.99003,11,CTD111 syto13.001,9.537,395041.7827
-65.50431,80.00205,-65.51774,79.99003,11,CTD111 syto13.002,59.824,483300
-65.50431,80.00205,-65.51774,79.99003,11,CTD111 syto13.003,78.402,385907.8591
-65.50431,80.00205,-65.51774,79.99003,11,CTD111 syto13.004,100.581,248756.7568
-65.81872,79.99372,-65.82557,79.98793,11,CTD112 syto13.001,10.033,494989.7331
-65.81872,79.99372,-65.82557,79.98793,11,CTD112 syto13.002,50.529,187383.1776
-65.81872,79.99372,-65.82557,79.98793,11,CTD112 syto13.003,69.509,340722.8916
-65.81872,79.99372,-65.82557,79.98793,11,CTD112 syto13.004,120,137220.8437
-65.85208,80.0004,-65.85007,79.99049,11,CTD113 syto13.001,9.608,678000
-65.85208,80.0004,-65.85007,79.99049,11,CTD113 syto13.002,50.102,414430.6418
-65.85208,80.0004,-65.85007,79.99049,11,CTD113 syto13.003,59.983,319447.0046
-65.85208,80.0004,-65.85007,79.99049,11,CTD113 syto13.004,90.043,103013.245
-65.9509,79.99906,-65.95613,79.9806,11,CTD114 syto13.001,10.898,544222.7378
-65.9509,79.99906,-65.95613,79.9806,11,CTD114 syto13.002,20.128,639922.4806
-65.9509,79.99906,-65.95613,79.9806,11,CTD114 syto13.003,40.217,508578.8114
-65.9509,79.99906,-65.95613,79.9806,11,CTD114 syto13.004,70.327,206004.7847
-66.02361,79.99621,-66.02561,79.99458,11,CTD115 syto13.001,10.85,666478.8732
-66.02361,79.99621,-66.02561,79.99458,11,CTD115 syto13.002,39.681,441707.3171
-66.02361,79.99621,-66.02561,79.99458,11,CTD115 syto13.003,50.938,463000
-66.02361,79.99621,-66.02561,79.99458,11,CTD115 syto13.004,71.527,233700.2342
-66.13175,79.97503,-66.13425,79.96041,11,CTD116 syto13.001,10.214,692865.1685
-66.13175,79.97503,-66.13425,79.96041,11,CTD116 syto13.002,34.72,523948.7179
-66.13175,79.97503,-66.13425,79.96041,11,CTD116 syto13.003,49.898,420870.6468
-66.13175,79.97503,-66.13425,79.96041,11,CTD116 syto13.004,71.415,357854.8896
-66.41067,79.9907,-66.40841,79.97774,11,CTD117 syto13.001,9.587,491336.5155
-66.41067,79.9907,-66.40841,79.97774,11,CTD117 syto13.002,29.622,544911.8388
-66.41067,79.9907,-66.40841,79.97774,11,CTD117 syto13.003,50.819,344733.0097
-66.41067,79.9907,-66.40841,79.97774,11,CTD117 syto13.004,120.874,161292.1348
-66.74511,80.01055,-66.74711,80.00882,11,CTD118 syto13.001,10.086,477892.1569
-66.74511,80.01055,-66.74711,80.00882,11,CTD118 syto13.002,30.041,405090.9091
-66.74511,80.01055,-66.74711,80.00882,11,CTD118 syto13.003,50.053,126968.3258
-66.74511,80.01055,-66.74711,80.00882,11,CTD118 syto13.004,99.85,151485.1485
,,,,, ,,
